0,35.19,10.087,528.85,10.087
1.2335,35.19,10.087,528.73,10.087
3.0837,35.19,10.087,528.61,10.088
4.9339,35.189,10.087,528.49,10.089
5.5507,35.189,10.087,528.45,10.087
7.4009,35.189,10.086,528.33,10.087
9.2511,35.19,10.086,528.21,10.086
10.485,35.19,10.087,528.13,10.087
12.335,35.189,10.086,528.01,10.086
13.568,35.189,10.086,527.93,10.087
15.419,35.189,10.087,527.81,10.087
17.269,35.19,10.086,527.69,10.087
17.885,35.189,10.087,527.65,10.088
19.736,35.189,10.086,527.53,10.087
21.586,35.191,10.086,527.41,10.085
22.819,35.189,10.087,527.33,10.087
24.67,35.19,10.087,527.21,10.088
26.52,35.19,10.087,527.09,10.088
27.137,35.189,10.087,527.05,10.088
28.987,35.189,10.087,526.93,10.088
30.837,35.188,10.087,526.81,10.089
32.07,35.189,10.086,526.73,10.087
33.304,35.19,10.086,526.65,10.088
35.154,35.19,10.086,526.53,10.087
37.004,35.19,10.087,526.41,10.087
38.238,35.188,10.086,526.33,10.087
39.471,35.189,10.085,526.25,10.087
41.322,35.189,10.085,526.13,10.086
43.789,35.189,10.085,525.97,10.086
44.405,35.19,10.085,525.93,10.086
46.256,35.189,10.086,525.81,10.086
47.489,35.191,10.085,525.73,10.086
48.722,35.19,10.086,525.65,10.086
50.573,35.189,10.087,525.53,10.085
52.423,35.189,10.088,525.41,10.087
53.656,35.188,10.088,525.33,10.086
56.123,35.19,10.086,525.17,10.086
56.74,35.189,10.089,525.13,10.086
58.59,35.19,10.088,525.01,10.085
59.207,35.188,10.089,524.97,10.086
61.057,35.189,10.088,524.85,10.086
62.907,35.195,10.101,524.73,10.087
65.374,35.191,10.136,524.57,10.088
66.608,35.201,10.151,524.49,10.087
67.841,35.202,10.175,524.41,10.087
69.075,35.199,10.229,524.33,10.086
70.925,35.199,10.232,524.21,10.086
72.159,35.203,10.243,524.13,10.087
73.392,35.203,10.255,524.05,10.087
75.242,35.206,10.273,523.93,10.086
76.476,35.213,10.295,523.85,10.087
78.326,35.21,10.338,523.73,10.089
80.176,35.213,10.35,523.61,10.088
81.41,35.214,10.351,523.53,10.09
83.877,35.216,10.351,523.37,10.09
85.11,35.217,10.351,523.29,10.091
86.344,35.219,10.351,523.21,10.092
87.577,35.221,10.35,523.13,10.093
89.427,35.221,10.349,523.01,10.094
90.661,35.221,10.349,522.93,10.095
92.511,35.223,10.351,522.81,10.096
93.744,35.223,10.351,522.73,10.097
95.595,35.224,10.35,522.61,10.1
97.445,35.223,10.351,522.49,10.102
98.678,35.224,10.351,522.41,10.103
100.53,35.222,10.351,522.29,10.106
101.76,35.223,10.348,522.21,10.106
103,35.223,10.348,522.13,10.109
104.85,35.225,10.347,522.01,10.11
106.7,35.225,10.347,521.89,10.112
107.93,35.226,10.352,521.81,10.113
109.16,35.23,10.357,521.73,10.115
111.01,35.237,10.382,521.61,10.117
112.86,35.232,10.402,521.49,10.118
114.1,35.237,10.424,521.41,10.12
115.95,35.235,10.444,521.29,10.12
116.56,35.246,10.46,521.25,10.124
118.41,35.248,10.502,521.13,10.125
119.65,35.241,10.519,521.05,10.126
122.11,35.245,10.541,520.89,10.129
125.2,35.244,10.547,520.69,10.132
125.81,35.244,10.548,520.65,10.136
127.67,35.245,10.547,520.53,10.137
128.9,35.246,10.549,520.45,10.142
130.75,35.247,10.547,520.33,10.142
132.6,35.248,10.548,520.21,10.147
133.83,35.248,10.548,520.13,10.147
135.68,35.249,10.546,520.01,10.15
136.92,35.249,10.547,519.93,10.153
138.15,35.249,10.547,519.85,10.155
140,35.25,10.546,519.73,10.157
140.79,35.251,10.548,519.65,10.16
141.97,35.251,10.547,519.53,10.163
142.76,35.252,10.548,519.45,10.166
143.54,35.252,10.548,519.37,10.169
145.12,35.252,10.548,519.21,10.173
147.08,35.251,10.548,519.01,10.178
148.66,35.252,10.548,518.85,10.184
151.02,35.253,10.549,518.61,10.19
152.2,35.252,10.549,518.49,10.195
152.99,35.252,10.55,518.41,10.199
154.96,35.253,10.549,518.21,10.203
156.14,35.253,10.549,518.09,10.206
157.32,35.254,10.549,517.97,10.208
158.1,35.252,10.549,517.89,10.212
159.29,35.253,10.549,517.77,10.214
159.68,35.253,10.549,517.73,10.217
160.86,35.253,10.549,517.61,10.219
162.04,35.253,10.549,517.49,10.222
162.83,35.254,10.549,517.41,10.223
163.61,35.254,10.549,517.33,10.227
164.8,35.253,10.549,517.21,10.23
165.58,35.253,10.549,517.13,10.232
166.76,35.254,10.549,517.01,10.235
167.55,35.254,10.549,516.93,10.237
168.73,35.253,10.548,516.81,10.24
169.91,35.253,10.549,516.69,10.244
170.7,35.254,10.549,516.61,10.246
171.88,35.253,10.55,516.49,10.249
172.67,35.254,10.549,516.41,10.251
173.45,35.254,10.549,516.33,10.254
174.63,35.254,10.549,516.21,10.257
176.21,35.254,10.549,516.05,10.26
177.39,35.254,10.549,515.93,10.264
179.36,35.255,10.549,515.73,10.268
181.33,35.255,10.549,515.53,10.273
183.29,35.255,10.549,515.33,10.277
185.26,35.256,10.549,515.13,10.282
187.23,35.256,10.549,514.93,10.284
188.02,35.256,10.549,514.85,10.286
189.2,35.255,10.549,514.73,10.289
190.38,35.255,10.55,514.61,10.291
191.56,35.256,10.549,514.49,10.293
192.35,35.255,10.55,514.41,10.295
193.53,35.255,10.549,514.29,10.296
195.1,35.254,10.55,514.13,10.301
196.67,35.255,10.55,513.97,10.305
197.86,35.256,10.549,513.85,10.306
199.04,35.256,10.55,513.73,10.309
199.82,35.256,10.549,513.65,10.31
201,35.256,10.549,513.53,10.311
201.79,35.256,10.549,513.45,10.312
203.37,35.256,10.549,513.29,10.314
204.15,35.256,10.549,513.21,10.317
205.33,35.255,10.549,513.09,10.318
206.12,35.256,10.549,513.01,10.32
207.3,35.255,10.549,512.89,10.322
208.09,35.256,10.549,512.81,10.323
209.66,35.256,10.549,512.65,10.325
210.45,35.255,10.549,512.57,10.328
212.02,35.256,10.549,512.41,10.328
212.42,35.255,10.549,512.37,10.331
213.99,35.256,10.549,512.21,10.332
214.78,35.256,10.55,512.13,10.335
216.35,35.256,10.549,511.97,10.336
217.14,35.256,10.549,511.89,10.338
218.32,35.257,10.549,511.77,10.34
219.11,35.257,10.549,511.69,10.343
220.29,35.256,10.549,511.57,10.343
221.47,35.256,10.549,511.45,10.344
222.26,35.255,10.549,511.37,10.346
223.83,35.257,10.549,511.21,10.348
225.8,35.257,10.549,511.01,10.35
226.59,35.255,10.549,510.93,10.352
228.16,35.257,10.548,510.77,10.353
228.55,35.255,10.548,510.73,10.354
229.73,35.256,10.548,510.61,10.356
230.92,35.255,10.548,510.49,10.357
232.49,35.256,10.548,510.33,10.359
234.06,35.255,10.548,510.17,10.361
235.24,35.256,10.549,510.05,10.364
236.03,35.256,10.548,509.97,10.365
237.21,35.257,10.549,509.85,10.368
238,35.255,10.548,509.77,10.368
239.48,35.256,10.548,509.61,10.369
240.21,35.256,10.548,509.53,10.37
241.69,35.256,10.547,509.37,10.371
242.06,35.256,10.547,509.33,10.372
243.17,35.257,10.547,509.21,10.374
244.27,35.256,10.547,509.09,10.375
245.38,35.255,10.547,508.97,10.376
245.75,35.256,10.546,508.93,10.378
247.6,35.254,10.544,508.73,10.38
249.07,35.256,10.544,508.57,10.381
250.18,35.255,10.545,508.45,10.383
251.29,35.255,10.544,508.33,10.383
252.02,35.254,10.544,508.25,10.386
253.5,35.253,10.54,508.09,10.387
254.24,35.253,10.539,508.01,10.389
255.35,35.253,10.536,507.89,10.39
256.45,35.253,10.536,507.77,10.391
257.93,35.253,10.535,507.61,10.392
259.04,35.252,10.534,507.49,10.394
260.14,35.252,10.533,507.37,10.395
261.25,35.253,10.533,507.25,10.396
261.99,35.252,10.533,507.17,10.397
263.1,35.252,10.533,507.05,10.398
264.57,35.252,10.533,506.89,10.399
266.05,35.252,10.532,506.73,10.4
266.79,35.252,10.532,506.65,10.401
268.26,35.253,10.531,506.49,10.402
269,35.252,10.532,506.41,10.404
270.11,35.252,10.532,506.29,10.404
271.21,35.251,10.533,506.17,10.407
272.32,35.252,10.532,506.05,10.407
273.06,35.251,10.532,505.97,10.409
274.17,35.252,10.531,505.85,10.409
274.9,35.252,10.532,505.77,10.411
276.01,35.252,10.531,505.65,10.411
277.12,35.252,10.531,505.53,10.411
278.23,35.252,10.531,505.41,10.412
278.96,35.251,10.531,505.33,10.413
280.07,35.252,10.531,505.21,10.414
280.81,35.251,10.531,505.13,10.414
281.92,35.251,10.531,505.01,10.416
283.02,35.252,10.531,504.89,10.416
283.76,35.251,10.531,504.81,10.417
284.87,35.251,10.531,504.69,10.418
285.24,35.251,10.531,504.65,10.419
287.45,35.252,10.531,504.41,10.419
289.3,35.251,10.532,504.21,10.422
291.14,35.252,10.531,504.01,10.423
291.88,35.251,10.532,503.93,10.425
292.99,35.251,10.531,503.81,10.425
293.73,35.251,10.532,503.73,10.426
294.83,35.253,10.532,503.61,10.426
295.57,35.252,10.531,503.53,10.427
296.68,35.252,10.531,503.41,10.427
297.79,35.251,10.532,503.29,10.428
298.89,35.252,10.532,503.17,10.428
299.63,35.253,10.531,503.09,10.429
300.37,35.251,10.531,503.01,10.43
301.48,35.252,10.531,502.89,10.43
302.58,35.251,10.531,502.77,10.431
303.69,35.253,10.531,502.65,10.431
304.43,35.251,10.531,502.57,10.433
305.54,35.252,10.531,502.45,10.432
306.64,35.252,10.531,502.33,10.433
307.75,35.252,10.531,502.21,10.435
308.86,35.25,10.532,502.09,10.436
309.6,35.252,10.531,502.01,10.436
310.7,35.252,10.532,501.89,10.438
311.44,35.252,10.531,501.81,10.438
312.55,35.252,10.532,501.69,10.439
313.65,35.252,10.531,501.57,10.439
314.76,35.252,10.531,501.45,10.439
315.5,35.252,10.531,501.37,10.44
316.98,35.252,10.531,501.21,10.441
318.45,35.252,10.532,501.05,10.441
319.19,35.253,10.533,500.97,10.442
320.67,35.252,10.534,500.81,10.443
321.04,35.252,10.535,500.77,10.444
322.51,35.253,10.537,500.61,10.444
323.25,35.253,10.538,500.53,10.444
324.73,35.256,10.542,500.37,10.444
325.46,35.256,10.548,500.29,10.446
326.57,35.259,10.568,500.17,10.446
327.68,35.256,10.581,500.05,10.448
328.79,35.258,10.59,499.93,10.447
329.89,35.26,10.605,499.81,10.45
330.63,35.262,10.622,499.73,10.45
331.69,35.261,10.639,499.61,10.451
332.73,35.261,10.655,499.49,10.45
333.42,35.264,10.669,499.41,10.453
334.11,35.268,10.687,499.33,10.453
334.8,35.271,10.703,499.25,10.453
335.83,35.28,10.73,499.13,10.454
336.87,35.275,10.766,499.01,10.455
337.9,35.271,10.779,498.89,10.456
338.6,35.272,10.781,498.81,10.457
339.29,35.272,10.781,498.73,10.458
340.32,35.275,10.781,498.61,10.459
341.01,35.274,10.781,498.53,10.46
342.39,35.276,10.781,498.37,10.462
343.08,35.277,10.781,498.29,10.463
344.46,35.278,10.78,498.13,10.466
346.54,35.279,10.78,497.89,10.469
347.23,35.28,10.78,497.81,10.469
348.26,35.28,10.78,497.69,10.472
349.3,35.28,10.781,497.57,10.474
350.68,35.281,10.782,497.41,10.476
351.37,35.28,10.783,497.33,10.478
352.4,35.281,10.782,497.21,10.48
353.1,35.28,10.782,497.13,10.482
354.48,35.282,10.781,496.97,10.484
355.51,35.283,10.782,496.85,10.488
356.55,35.281,10.782,496.73,10.489
357.58,35.281,10.782,496.61,10.493
358.62,35.282,10.782,496.49,10.494
359.65,35.282,10.782,496.37,10.496
360.35,35.282,10.782,496.29,10.498
361.73,35.282,10.782,496.13,10.5
362.76,35.281,10.781,496.01,10.502
363.8,35.282,10.781,495.89,10.504
364.49,35.282,10.781,495.81,10.506
366.21,35.282,10.781,495.61,10.509
367.94,35.283,10.781,495.41,10.513
368.63,35.282,10.782,495.33,10.514
370.01,35.281,10.782,495.17,10.517
370.7,35.283,10.782,495.09,10.519
372.08,35.282,10.781,494.93,10.521
373.12,35.282,10.782,494.81,10.525
374.15,35.283,10.781,494.69,10.526
375.19,35.282,10.782,494.57,10.529
375.88,35.282,10.781,494.49,10.53
376.92,35.282,10.781,494.37,10.533
377.95,35.283,10.781,494.25,10.534
378.99,35.283,10.781,494.13,10.535
379.68,35.283,10.781,494.05,10.538
381.06,35.283,10.78,493.89,10.54
381.75,35.282,10.78,493.81,10.542
383.13,35.282,10.78,493.65,10.543
383.82,35.282,10.78,493.57,10.545
385.2,35.282,10.78,493.41,10.547
385.89,35.282,10.78,493.33,10.549
386.93,35.282,10.78,493.21,10.551
387.96,35.283,10.78,493.09,10.552
389.35,35.283,10.78,492.93,10.555
391.07,35.283,10.78,492.73,10.558
391.76,35.282,10.781,492.65,10.561
392.8,35.283,10.78,492.53,10.562
393.83,35.282,10.781,492.41,10.565
394.87,35.283,10.78,492.29,10.566
395.9,35.282,10.781,492.17,10.568
396.94,35.283,10.78,492.05,10.57
397.63,35.282,10.78,491.97,10.571
399.01,35.283,10.78,491.81,10.573
400.05,35.282,10.78,491.69,10.573
400.74,35.284,10.78,491.61,10.575
401.77,35.284,10.78,491.49,10.577
402.81,35.283,10.78,491.37,10.577
403.85,35.284,10.78,491.25,10.58
404.54,35.283,10.78,491.17,10.581
405.92,35.283,10.78,491.01,10.583
406.61,35.284,10.78,490.93,10.584
407.99,35.283,10.78,490.77,10.586
408.33,35.283,10.78,490.73,10.587
409.71,35.283,10.78,490.57,10.588
411.1,35.284,10.781,490.41,10.592
411.79,35.283,10.78,490.33,10.592
412.82,35.283,10.78,490.21,10.595
413.86,35.283,10.78,490.09,10.596
414.55,35.284,10.78,490.01,10.598
415.93,35.283,10.78,489.85,10.599
416.62,35.283,10.78,489.77,10.601
418,35.283,10.78,489.61,10.601
418.69,35.284,10.78,489.53,10.602
419.73,35.283,10.78,489.41,10.603
420.77,35.283,10.78,489.29,10.605
421.47,35.283,10.78,489.21,10.606
422.85,35.284,10.78,489.05,10.607
423.55,35.283,10.78,488.97,10.608
424.59,35.284,10.78,488.85,10.61
425.63,35.283,10.78,488.73,10.611
426.67,35.283,10.78,488.61,10.612
427.71,35.283,10.78,488.49,10.614
429.1,35.283,10.779,488.33,10.616
430.83,35.284,10.779,488.13,10.617
431.52,35.282,10.78,488.05,10.62
432.56,35.283,10.779,487.93,10.621
433.95,35.283,10.78,487.77,10.623
434.65,35.284,10.779,487.69,10.623
435.34,35.282,10.779,487.61,10.625
436.73,35.282,10.779,487.45,10.626
437.42,35.283,10.779,487.37,10.627
438.81,35.283,10.779,487.21,10.627
439.85,35.283,10.78,487.09,10.628
440.54,35.283,10.78,487.01,10.629
441.58,35.284,10.78,486.89,10.63
442.62,35.283,10.78,486.77,10.632
443.66,35.283,10.779,486.65,10.633
444.7,35.284,10.78,486.53,10.634
445.74,35.283,10.779,486.41,10.635
446.44,35.284,10.779,486.33,10.636
447.48,35.285,10.781,486.21,10.637
448.52,35.285,10.782,486.09,10.638
449.56,35.284,10.782,485.97,10.639
450.6,35.284,10.783,485.85,10.642
451.64,35.284,10.781,485.73,10.642
452.68,35.284,10.782,485.61,10.644
453.72,35.283,10.781,485.49,10.644
454.76,35.285,10.783,485.37,10.646
455.8,35.288,10.788,485.25,10.646
456.49,35.286,10.793,485.17,10.647
457.53,35.286,10.796,485.05,10.647
458.57,35.286,10.797,484.93,10.648
459.61,35.288,10.798,484.81,10.649
460.65,35.288,10.799,484.69,10.65
461.35,35.287,10.804,484.61,10.651
463.08,35.298,10.836,484.41,10.653
464.47,35.303,10.868,484.25,10.654
465.51,35.308,10.891,484.13,10.655
466.9,35.304,10.933,483.97,10.656
467.24,35.305,10.954,483.93,10.657
468.63,35.306,10.989,483.77,10.658
469.67,35.304,11.006,483.65,10.661
470.71,35.308,11.023,483.53,10.661
471.75,35.306,11.035,483.41,10.664
472.79,35.306,11.038,483.29,10.664
473.83,35.308,11.038,483.17,10.667
474.52,35.308,11.037,483.09,10.668
475.91,35.309,11.038,482.93,10.669
476.6,35.31,11.037,482.85,10.671
477.99,35.31,11.037,482.69,10.673
478.69,35.31,11.036,482.61,10.675
479.73,35.31,11.034,482.49,10.677
480.77,35.312,11.034,482.37,10.679
481.81,35.312,11.034,482.25,10.681
482.5,35.311,11.034,482.17,10.683
483.89,35.312,11.034,482.01,10.686
484.93,35.311,11.034,481.89,10.688
485.97,35.312,11.033,481.77,10.69
486.66,35.313,11.033,481.69,10.692
488.05,35.313,11.033,481.53,10.695
489.09,35.312,11.034,481.41,10.698
490.13,35.312,11.033,481.29,10.7
491.17,35.312,11.033,481.17,10.704
491.86,35.314,11.033,481.09,10.706
492.9,35.313,11.033,480.97,10.709
493.94,35.313,11.033,480.85,10.711
494.98,35.313,11.033,480.73,10.713
496.02,35.313,11.033,480.61,10.715
497.06,35.313,11.033,480.49,10.717
497.76,35.314,11.033,480.41,10.719
499.15,35.314,11.033,480.25,10.722
499.84,35.314,11.033,480.17,10.725
501.23,35.313,11.033,480.01,10.726
501.57,35.313,11.033,479.97,10.729
502.96,35.314,11.033,479.81,10.731
504,35.313,11.033,479.69,10.733
505.39,35.313,11.033,479.53,10.737
507.12,35.314,11.032,479.33,10.741
507.81,35.315,11.033,479.25,10.743
508.85,35.314,11.032,479.13,10.745
510.24,35.313,11.033,478.97,10.749
510.93,35.314,11.032,478.89,10.751
512.32,35.313,11.033,478.73,10.754
513.01,35.313,11.032,478.65,10.756
514.05,35.314,11.033,478.53,10.759
515.44,35.314,11.032,478.37,10.76
516.13,35.315,11.032,478.29,10.762
517.17,35.314,11.032,478.17,10.764
518.21,35.314,11.032,478.05,10.766
519.25,35.314,11.032,477.93,10.768
519.94,35.314,11.032,477.85,10.77
520.64,35.314,11.032,477.77,10.772
522.02,35.315,11.032,477.61,10.774
523.06,35.314,11.032,477.49,10.776
524.45,35.314,11.032,477.33,10.779
526.18,35.314,11.032,477.13,10.782
526.88,35.314,11.032,477.05,10.784
528.26,35.314,11.032,476.89,10.786
528.96,35.313,11.033,476.81,10.79
530,35.314,11.032,476.69,10.791
531.04,35.313,11.032,476.57,10.794
532.08,35.314,11.032,476.45,10.795
533.12,35.314,11.032,476.33,10.797
534.16,35.315,11.032,476.21,10.798
535.2,35.313,11.032,476.09,10.8
535.89,35.315,11.031,476.01,10.802
537.27,35.315,11.031,475.85,10.803
537.97,35.315,11.031,475.77,10.805
539.01,35.315,11.032,475.65,10.807
540.05,35.315,11.032,475.53,10.808
541.09,35.315,11.031,475.41,10.81
541.78,35.315,11.032,475.33,10.812
543.17,35.314,11.032,475.17,10.813
543.51,35.314,11.032,475.13,10.815
545.25,35.315,11.032,474.93,10.818
547.33,35.314,11.032,474.69,10.82
547.67,35.314,11.032,474.65,10.823
549.06,35.315,11.032,474.49,10.824
550.1,35.314,11.032,474.37,10.827
551.14,35.315,11.031,474.25,10.828
552.18,35.314,11.032,474.13,10.83
552.87,35.314,11.031,474.05,10.831
553.91,35.315,11.031,473.93,10.832
555.3,35.315,11.031,473.77,10.833
555.99,35.315,11.031,473.69,10.835
557.03,35.315,11.031,473.57,10.836
558.07,35.315,11.031,473.45,10.837
559.11,35.314,11.032,473.33,10.839
560.15,35.315,11.031,473.21,10.84
560.84,35.315,11.031,473.13,10.842
562.23,35.315,11.031,472.97,10.843
562.92,35.315,11.032,472.89,10.844
564.31,35.316,11.031,472.73,10.847
566.04,35.315,11.031,472.53,10.849
567.08,35.314,11.032,472.41,10.852
568.12,35.315,11.031,472.29,10.852
569.16,35.314,11.032,472.17,10.855
569.86,35.315,11.031,472.09,10.855
571.24,35.315,11.032,471.93,10.857
571.94,35.316,11.031,471.85,10.858
572.98,35.315,11.031,471.73,10.859
574.02,35.315,11.031,471.61,10.86
575.06,35.315,11.031,471.49,10.861
575.75,35.315,11.031,471.41,10.863
577.14,35.315,11.031,471.25,10.863
577.83,35.315,11.031,471.17,10.864
579.22,35.315,11.031,471.01,10.866
579.91,35.315,11.032,470.93,10.867
580.95,35.316,11.031,470.81,10.868
581.99,35.315,11.032,470.69,10.87
583.37,35.315,11.031,470.53,10.871
585.11,35.316,11.032,470.33,10.873
585.8,35.314,11.033,470.25,10.875
586.84,35.315,11.031,470.13,10.876
587.88,35.316,11.032,470.01,10.878
588.92,35.315,11.032,469.89,10.879
589.96,35.313,11.032,469.77,10.881
591,35.314,11.031,469.65,10.881
592.05,35.314,11.03,469.53,10.882
593.1,35.315,11.03,469.41,10.882
594.16,35.315,11.03,469.29,10.883
594.86,35.315,11.03,469.21,10.884
596.61,35.316,11.03,469.01,10.886
598.36,35.316,11.03,468.81,10.888
600.12,35.323,11.034,468.61,10.889
600.82,35.332,11.043,468.53,10.89
602.22,35.331,11.105,468.37,10.891
602.57,35.327,11.12,468.33,10.893
604.32,35.326,11.123,468.13,10.893
605.02,35.337,11.156,468.05,10.896
606.08,35.338,11.174,467.93,10.896
607.13,35.333,11.201,467.81,10.898
608.18,35.342,11.228,467.69,10.899
608.88,35.337,11.252,467.61,10.9
609.93,35.338,11.259,467.49,10.901
611.33,35.342,11.266,467.33,10.902
612.04,35.343,11.274,467.25,10.904
612.74,35.346,11.289,467.17,10.905
613.79,35.346,11.296,467.05,10.907
615.19,35.346,11.301,466.89,10.908
615.89,35.346,11.302,466.81,10.91
616.94,35.348,11.301,466.69,10.912
617.65,35.347,11.301,466.61,10.914
619.4,35.35,11.301,466.41,10.917
621.15,35.35,11.301,466.21,10.921
621.85,35.351,11.302,466.13,10.925
622.9,35.35,11.301,466.01,10.926
623.96,35.351,11.302,465.89,10.93
625.01,35.352,11.301,465.77,10.932
626.06,35.351,11.301,465.65,10.935
627.11,35.352,11.301,465.53,10.937
628.16,35.352,11.3,465.41,10.94
629.22,35.352,11.301,465.29,10.941
630.27,35.353,11.301,465.17,10.944
630.97,35.352,11.301,465.09,10.947
632.37,35.352,11.301,464.93,10.949
633.07,35.353,11.301,464.85,10.952
634.47,35.353,11.302,464.69,10.954
635.18,35.353,11.301,464.61,10.957
636.23,35.353,11.301,464.49,10.959
636.93,35.354,11.301,464.41,10.961
638.33,35.354,11.301,464.25,10.965
639.03,35.353,11.302,464.17,10.967
640.43,35.352,11.301,464.01,10.97
641.49,35.352,11.302,463.89,10.974
642.54,35.354,11.301,463.77,10.975
643.59,35.353,11.302,463.65,10.98
644.29,35.354,11.302,463.57,10.981
645.34,35.353,11.302,463.45,10.985
646.39,35.354,11.302,463.33,10.986
647.8,35.353,11.302,463.17,10.988
648.5,35.353,11.301,463.09,10.99
649.2,35.353,11.3,463.01,10.993
650.25,35.354,11.3,462.89,10.995
651.3,35.354,11.3,462.77,10.998
652.35,35.354,11.3,462.65,11
653.41,35.354,11.3,462.53,11.003
654.46,35.354,11.301,462.41,11.004
655.16,35.354,11.3,462.33,11.007
656.21,35.354,11.3,462.21,11.009
657.96,35.356,11.303,462.01,11.013
659.37,35.36,11.317,461.85,11.016
660.77,35.362,11.325,461.69,11.02
661.82,35.394,11.391,461.57,11.021
662.87,35.387,11.435,461.45,11.025
663.92,35.376,11.474,461.33,11.026
664.98,35.37,11.489,461.21,11.03
665.68,35.372,11.491,461.13,11.031
666.73,35.384,11.501,461.01,11.033
667.78,35.387,11.527,460.89,11.036
668.48,35.394,11.563,460.81,11.038
669.88,35.385,11.577,460.65,11.04
670.94,35.385,11.581,460.53,11.043
671.64,35.388,11.582,460.45,11.046
672.69,35.388,11.583,460.33,11.049
673.74,35.389,11.583,460.21,11.052
674.79,35.39,11.584,460.09,11.055
675.49,35.391,11.584,460.01,11.058
676.55,35.392,11.584,459.89,11.061
677.25,35.392,11.584,459.81,11.064
678.65,35.393,11.583,459.65,11.068
679.36,35.393,11.585,459.57,11.073
680.44,35.394,11.584,459.45,11.076
681.51,35.394,11.585,459.33,11.081
682.23,35.395,11.584,459.25,11.084
683.31,35.393,11.584,459.13,11.089
684.38,35.394,11.584,459.01,11.091
685.46,35.394,11.584,458.89,11.096
686.54,35.395,11.584,458.77,11.099
687.25,35.395,11.583,458.69,11.102
688.33,35.396,11.583,458.57,11.106
689.41,35.396,11.583,458.45,11.109
690.48,35.395,11.583,458.33,11.112
691.2,35.396,11.584,458.25,11.116
691.92,35.395,11.584,458.17,11.12
693.35,35.396,11.583,458.01,11.123
694.07,35.396,11.584,457.93,11.127
695.15,35.395,11.583,457.81,11.131
695.87,35.396,11.583,457.73,11.134
697.66,35.396,11.583,457.53,11.139
699.46,35.397,11.583,457.33,11.145
700.17,35.396,11.584,457.25,11.15
701.25,35.396,11.583,457.13,11.153
702.69,35.397,11.583,456.97,11.157
703.4,35.396,11.583,456.89,11.16
704.48,35.395,11.583,456.77,11.164
705.2,35.396,11.583,456.69,11.167
706.27,35.397,11.581,456.57,11.17
707.35,35.396,11.582,456.45,11.173
708.43,35.396,11.582,456.33,11.176
709.15,35.395,11.581,456.25,11.179
710.22,35.397,11.58,456.13,11.182
710.94,35.397,11.58,456.05,11.185
712.02,35.396,11.58,455.93,11.188
713.09,35.396,11.581,455.81,11.191
713.81,35.396,11.58,455.73,11.195
714.89,35.395,11.58,455.61,11.198
716.68,35.396,11.581,455.41,11.202
718.12,35.396,11.581,455.25,11.207
719.19,35.397,11.582,455.13,11.211
720.63,35.397,11.581,454.97,11.214
721.35,35.396,11.582,454.89,11.218
722.06,35.397,11.581,454.81,11.22
723.14,35.396,11.582,454.69,11.224
724.22,35.397,11.581,454.57,11.225
725.29,35.396,11.581,454.45,11.228
726.37,35.397,11.581,454.33,11.23
727.09,35.396,11.58,454.25,11.233
728.17,35.397,11.58,454.13,11.236
729.24,35.397,11.58,454.01,11.238
729.96,35.397,11.58,453.93,11.241
731.4,35.397,11.58,453.77,11.244
732.11,35.398,11.58,453.69,11.246
733.55,35.397,11.58,453.53,11.25
734.98,35.397,11.58,453.37,11.254
736.06,35.397,11.58,453.25,11.256
737.5,35.397,11.58,453.09,11.259
738.21,35.396,11.581,453.01,11.263
739.29,35.397,11.58,452.89,11.265
740.73,35.397,11.58,452.73,11.269
742.52,35.397,11.58,452.53,11.273
743.24,35.397,11.58,452.45,11.275
744.31,35.397,11.58,452.33,11.277
745.03,35.398,11.58,452.25,11.278
746.11,35.397,11.58,452.13,11.281
747.19,35.398,11.58,452.01,11.283
748.26,35.398,11.58,451.89,11.286
748.98,35.397,11.58,451.81,11.288
750.77,35.398,11.58,451.61,11.291
752.57,35.397,11.58,451.41,11.295
754.36,35.398,11.58,451.21,11.298
755.08,35.398,11.58,451.13,11.3
756.16,35.398,11.58,451.01,11.302
757.23,35.395,11.581,450.89,11.306
758.31,35.398,11.58,450.77,11.307
759.39,35.398,11.58,450.65,11.311
760.46,35.398,11.58,450.53,11.312
761.18,35.398,11.58,450.45,11.313
762.26,35.397,11.58,450.33,11.315
762.98,35.399,11.579,450.25,11.317
764.05,35.398,11.579,450.13,11.319
765.13,35.397,11.579,450.01,11.321
766.21,35.398,11.579,449.89,11.323
767.28,35.398,11.579,449.77,11.324
768,35.397,11.579,449.69,11.326
769.42,35.398,11.579,449.53,11.329
771.19,35.398,11.579,449.33,11.332
771.9,35.398,11.579,449.25,11.334
772.96,35.398,11.579,449.13,11.335
774.03,35.398,11.579,449.01,11.337
775.09,35.399,11.579,448.89,11.339
776.16,35.398,11.58,448.77,11.342
777.22,35.398,11.579,448.65,11.343
778.28,35.397,11.58,448.53,11.346
779.35,35.399,11.579,448.41,11.347
780.41,35.398,11.58,448.29,11.35
781.47,35.398,11.579,448.17,11.351
782.18,35.398,11.579,448.09,11.352
783.6,35.399,11.579,447.93,11.354
785.37,35.398,11.579,447.73,11.357
786.08,35.398,11.579,447.65,11.358
787.5,35.398,11.579,447.49,11.36
788.57,35.398,11.579,447.37,11.361
789.27,35.399,11.579,447.29,11.363
790.34,35.399,11.579,447.17,11.364
791.05,35.398,11.579,447.09,11.366
792.82,35.398,11.579,446.89,11.368
794.59,35.398,11.578,446.69,11.37
795.3,35.398,11.579,446.61,11.373
796.37,35.398,11.578,446.49,11.374
797.43,35.398,11.578,446.37,11.376
798.49,35.398,11.578,446.25,11.377
799.2,35.399,11.578,446.17,11.379
800.27,35.398,11.578,446.05,11.38
801.33,35.399,11.577,445.93,11.382
802.04,35.398,11.577,445.85,11.383
803.1,35.398,11.578,445.73,11.384
804.17,35.398,11.579,445.61,11.385
805.59,35.399,11.578,445.45,11.387
806.29,35.398,11.577,445.37,11.388
807.71,35.399,11.578,445.21,11.39
809.13,35.398,11.578,445.05,11.392
810.2,35.399,11.578,444.93,11.393
811.26,35.399,11.577,444.81,11.394
811.97,35.398,11.578,444.73,11.396
813.39,35.399,11.579,444.57,11.397
814.1,35.401,11.582,444.49,11.4
815.16,35.4,11.582,444.37,11.4
816.22,35.4,11.583,444.25,11.403
817.29,35.399,11.582,444.13,11.403
818.35,35.396,11.582,444.01,11.405
819.06,35.4,11.582,443.93,11.405
820.12,35.398,11.579,443.81,11.407
820.83,35.401,11.579,443.73,11.408
822.61,35.4,11.579,443.53,11.409
824.38,35.4,11.579,443.33,11.411
825.8,35.405,11.58,443.17,11.413
826.86,35.404,11.606,443.05,11.414
828.28,35.448,11.679,442.89,11.415
828.99,35.452,11.76,442.81,11.417
830.41,35.427,11.873,442.65,11.418
831.82,35.425,11.89,442.49,11.42
832.89,35.427,11.893,442.37,11.423
833.95,35.429,11.892,442.25,11.424
835.02,35.431,11.893,442.13,11.427
836.08,35.434,11.892,442.01,11.428
837.14,35.435,11.893,441.89,11.43
838.21,35.436,11.893,441.77,11.432
838.92,35.436,11.893,441.69,11.434
839.98,35.438,11.893,441.57,11.437
841.04,35.438,11.894,441.45,11.439
841.75,35.439,11.894,441.37,11.442
842.82,35.44,11.893,441.25,11.444
843.88,35.439,11.893,441.13,11.447
844.94,35.44,11.892,441.01,11.45
845.65,35.439,11.892,440.93,11.453
846.72,35.44,11.892,440.81,11.456
847.43,35.439,11.892,440.73,11.459
848.84,35.44,11.892,440.57,11.462
849.91,35.44,11.893,440.45,11.467
850.62,35.44,11.892,440.37,11.469
851.68,35.44,11.892,440.25,11.473
852.75,35.441,11.893,440.13,11.475
853.81,35.441,11.893,440.01,11.48
854.52,35.441,11.892,439.93,11.482
855.58,35.441,11.893,439.81,11.485
857.37,35.441,11.893,439.61,11.489
858.83,35.441,11.893,439.45,11.494
859.56,35.441,11.893,439.37,11.497
860.65,35.442,11.893,439.25,11.5
861.75,35.441,11.893,439.13,11.503
862.48,35.441,11.893,439.05,11.505
863.57,35.443,11.893,438.93,11.509
864.3,35.442,11.893,438.85,11.511
865.76,35.443,11.893,438.69,11.514
866.49,35.442,11.894,438.61,11.517
867.95,35.443,11.893,438.45,11.522
869.78,35.443,11.893,438.25,11.526
870.87,35.442,11.894,438.13,11.531
871.97,35.443,11.893,438.01,11.533
872.7,35.444,11.893,437.93,11.537
873.79,35.443,11.893,437.81,11.539
874.89,35.443,11.893,437.69,11.543
876.35,35.444,11.893,437.53,11.546
878.17,35.443,11.893,437.33,11.55
878.9,35.443,11.893,437.25,11.552
880,35.443,11.893,437.13,11.555
881.1,35.443,11.893,437.01,11.557
881.83,35.443,11.893,436.93,11.56
882.92,35.461,11.899,436.81,11.562
883.65,35.458,11.937,436.73,11.565
885.48,35.458,11.98,436.53,11.569
887.3,35.459,12.018,436.33,11.574
889.13,35.461,12.042,436.13,11.578
889.86,35.464,12.056,436.05,11.582
890.95,35.485,12.076,435.93,11.584
892.05,35.474,12.129,435.81,11.588
893.14,35.489,12.141,435.69,11.59
893.87,35.484,12.176,435.61,11.593
894.97,35.48,12.184,435.49,11.595
896.06,35.482,12.186,435.37,11.599
897.16,35.482,12.186,435.25,11.602
897.89,35.484,12.186,435.17,11.605
898.98,35.485,12.186,435.05,11.608
900.08,35.486,12.186,434.93,11.612
900.81,35.487,12.186,434.85,11.615
901.9,35.487,12.186,434.73,11.619
902.63,35.487,12.186,434.65,11.622
904.1,35.487,12.186,434.49,11.626
904.83,35.488,12.186,434.41,11.63
905.92,35.489,12.185,434.29,11.634
907.02,35.489,12.186,434.17,11.64
908.11,35.489,12.186,434.05,11.643
908.84,35.489,12.186,433.97,11.648
909.94,35.489,12.186,433.85,11.651
911.03,35.49,12.186,433.73,11.656
911.76,35.49,12.185,433.65,11.659
912.86,35.49,12.185,433.53,11.663
913.95,35.49,12.185,433.41,11.667
914.68,35.49,12.185,433.33,11.671
916.14,35.49,12.185,433.17,11.674
916.87,35.49,12.185,433.09,11.678
917.6,35.49,12.185,433.01,11.682
918.7,35.49,12.185,432.89,11.686
919.79,35.491,12.185,432.77,11.689
921.25,35.491,12.185,432.61,11.695
923.08,35.491,12.185,432.41,11.702
923.81,35.491,12.186,432.33,11.704
924.9,35.491,12.185,432.21,11.709
926.73,35.491,12.186,432.01,11.716
928.19,35.492,12.186,431.85,11.722
928.92,35.492,12.185,431.77,11.725
930.02,35.491,12.186,431.65,11.73
931.11,35.493,12.185,431.53,11.733
932.21,35.492,12.185,431.41,11.736
932.94,35.492,12.185,431.33,11.739
934.03,35.492,12.185,431.21,11.743
935.13,35.493,12.185,431.09,11.746
935.86,35.493,12.185,431.01,11.749
936.95,35.492,12.185,430.89,11.753
938.05,35.492,12.185,430.77,11.756
939.14,35.492,12.185,430.65,11.759
940.24,35.492,12.185,430.53,11.763
940.97,35.492,12.185,430.45,11.766
942.06,35.493,12.185,430.33,11.769
942.79,35.492,12.185,430.25,11.772
944.25,35.493,12.185,430.09,11.776
944.98,35.492,12.186,430.01,11.781
946.44,35.494,12.185,429.85,11.783
947.17,35.492,12.186,429.77,11.788
948.27,35.492,12.185,429.65,11.79
949.34,35.492,12.186,429.53,11.794
950.02,35.494,12.185,429.45,11.796
951.05,35.493,12.186,429.33,11.8
952.07,35.493,12.186,429.21,11.802
953.1,35.493,12.185,429.09,11.805
953.78,35.494,12.185,429.01,11.808
954.8,35.493,12.185,428.89,11.81
955.83,35.493,12.185,428.77,11.813
956.85,35.493,12.185,428.65,11.816
957.88,35.491,12.185,428.53,11.819
958.56,35.492,12.185,428.45,11.822
959.58,35.493,12.185,428.33,11.824
960.61,35.494,12.184,428.21,11.827
961.29,35.494,12.185,428.13,11.83
962.31,35.493,12.184,428.01,11.832
963,35.493,12.184,427.93,11.835
964.36,35.494,12.185,427.77,11.838
965.39,35.494,12.185,427.65,11.842
966.41,35.494,12.184,427.53,11.844
967.43,35.492,12.186,427.41,11.848
968.12,35.494,12.185,427.33,11.85
969.14,35.494,12.185,427.21,11.853
969.82,35.494,12.185,427.13,11.855
970.85,35.494,12.185,427.01,11.857
971.87,35.494,12.184,426.89,11.859
972.9,35.493,12.184,426.77,11.862
973.58,35.493,12.184,426.69,11.864
974.6,35.494,12.185,426.57,11.866
975.29,35.494,12.185,426.49,11.869
976.31,35.494,12.184,426.37,11.871
977.33,35.495,12.185,426.25,11.873
978.36,35.494,12.184,426.13,11.875
979.04,35.494,12.184,426.05,11.878
980.41,35.494,12.186,425.89,11.88
981.09,35.494,12.185,425.81,11.883
982.8,35.494,12.188,425.61,11.885
983.48,35.497,12.189,425.53,11.887
984.84,35.494,12.191,425.37,11.889
985.53,35.495,12.19,425.29,11.891
986.89,35.495,12.19,425.13,11.893
987.57,35.495,12.191,425.05,11.895
988.94,35.493,12.189,424.89,11.898
989.62,35.495,12.188,424.81,11.9
990.99,35.496,12.189,424.65,11.902
991.67,35.492,12.191,424.57,11.906
993.04,35.495,12.189,424.41,11.907
994.06,35.495,12.193,424.29,11.91
995.08,35.494,12.191,424.17,11.912
996.11,35.496,12.191,424.05,11.913
997.13,35.497,12.192,423.93,11.915
998.16,35.495,12.192,423.81,11.917
999.18,35.495,12.191,423.69,11.919
1000.2,35.497,12.192,423.57,11.921
1001.2,35.496,12.193,423.45,11.923
1002.3,35.497,12.196,423.33,11.925
1003.3,35.497,12.197,423.21,11.927
1004.3,35.496,12.197,423.09,11.929
1005.3,35.498,12.197,422.97,11.93
1006.7,35.498,12.197,422.81,11.932
1007,35.497,12.197,422.77,11.934
1008.4,35.498,12.198,422.61,11.936
1009.4,35.499,12.201,422.49,11.94
1010.4,35.499,12.204,422.37,11.941
1011.8,35.498,12.205,422.21,11.944
1012.8,35.504,12.207,422.09,11.945
1013.9,35.499,12.212,421.97,11.948
1014.5,35.502,12.212,421.89,11.949
1015.6,35.509,12.222,421.77,11.95
1016.6,35.504,12.235,421.65,11.952
1017.6,35.509,12.252,421.53,11.953
1018.6,35.508,12.263,421.41,11.955
1020.3,35.513,12.276,421.21,11.958
1021.7,35.534,12.309,421.05,11.96
1022.7,35.528,12.344,420.93,11.962
1023.8,35.517,12.362,420.81,11.964
1024.8,35.519,12.364,420.69,11.966
1025.8,35.519,12.365,420.57,11.968
1026.8,35.521,12.364,420.45,11.97
1027.9,35.522,12.364,420.33,11.972
1029.2,35.521,12.366,420.17,11.976
1029.9,35.523,12.366,420.09,11.978
1030.9,35.522,12.365,419.97,11.981
1032,35.523,12.364,419.85,11.982
1033,35.522,12.365,419.73,11.986
1034,35.525,12.367,419.61,11.988
1035,35.523,12.367,419.49,11.99
1036,35.524,12.366,419.37,11.992
1037,35.525,12.365,419.25,11.995
1038,35.524,12.364,419.13,11.997
1039,35.523,12.364,419.01,12
1039.6,35.524,12.364,418.93,12.002
1040.9,35.525,12.365,418.77,12.005
1041.6,35.525,12.364,418.69,12.007
1042.9,35.528,12.365,418.53,12.01
1043.6,35.526,12.37,418.45,12.012
1044.9,35.529,12.367,418.29,12.015
1045.6,35.525,12.367,418.21,12.017
1046.9,35.527,12.37,418.05,12.02
1047.9,35.526,12.373,417.93,12.025
1048.9,35.528,12.372,417.81,12.026
1049.9,35.528,12.372,417.69,12.03
1050.9,35.527,12.374,417.57,12.032
1051.9,35.528,12.375,417.45,12.035
1052.8,35.537,12.382,417.33,12.037
1053.8,35.543,12.404,417.21,12.039
1054.8,35.536,12.425,417.09,12.041
1055.8,35.536,12.434,416.97,12.044
1056.5,35.534,12.437,416.89,12.046
1057.8,35.537,12.439,416.73,12.049
1058.5,35.536,12.44,416.65,12.051
1059.8,35.536,12.441,416.49,12.054
1060.5,35.538,12.444,416.41,12.056
1061.8,35.545,12.456,416.25,12.059
1062.8,35.542,12.464,416.13,12.061
1063.8,35.545,12.48,416.01,12.064
1064.4,35.548,12.487,415.93,12.067
1066.1,35.544,12.495,415.73,12.069
1066.7,35.546,12.5,415.65,12.074
1067.7,35.549,12.507,415.53,12.076
1069,35.551,12.517,415.37,12.08
1069.7,35.556,12.529,415.29,12.081
1070.7,35.557,12.553,415.17,12.085
1072,35.559,12.572,415.01,12.087
1072.7,35.571,12.599,414.93,12.09
1074,35.563,12.628,414.77,12.093
1075,35.563,12.64,414.65,12.096
1076,35.562,12.646,414.53,12.099
1077,35.563,12.647,414.41,12.102
1078,35.566,12.647,414.29,12.105
1079,35.566,12.648,414.17,12.108
1079.3,35.566,12.648,414.13,12.111
1081,35.568,12.647,413.93,12.115
1081.6,35.568,12.647,413.85,12.118
1082.6,35.569,12.648,413.73,12.122
1083.6,35.57,12.648,413.61,12.125
1084.9,35.57,12.648,413.45,12.129
1085.9,35.569,12.649,413.33,12.134
1086.9,35.57,12.648,413.21,12.137
1087.9,35.57,12.648,413.09,12.142
1088.9,35.57,12.648,412.97,12.145
1089.9,35.569,12.648,412.85,12.15
1091.2,35.57,12.648,412.69,12.152
1092.2,35.571,12.648,412.57,12.156
1093.2,35.571,12.648,412.45,12.159
1093.8,35.57,12.648,412.37,12.163
1095.2,35.571,12.647,412.21,12.166
1096.2,35.572,12.647,412.09,12.17
1096.8,35.572,12.648,412.01,12.173
1097.8,35.571,12.647,411.89,12.177
1099.1,35.572,12.647,411.73,12.181
1100.1,35.57,12.646,411.61,12.184
1101.1,35.571,12.646,411.49,12.188
1102.1,35.572,12.645,411.37,12.192
1102.8,35.572,12.646,411.29,12.195
1104.1,35.571,12.646,411.13,12.199
1105.1,35.57,12.646,411.01,12.204
1106.1,35.571,12.643,410.89,12.207
1107.1,35.571,12.643,410.77,12.211
1108.1,35.571,12.642,410.65,12.214
1109.1,35.569,12.643,410.53,12.218
1110.4,35.57,12.641,410.37,12.221
1111,35.568,12.64,410.29,12.224
1112.4,35.568,12.637,410.13,12.227
1113,35.568,12.636,410.05,12.23
1114,35.569,12.636,409.93,12.234
1115,35.567,12.635,409.81,12.237
1116,35.567,12.635,409.69,12.24
1117.3,35.567,12.634,409.53,12.243
1118,35.567,12.635,409.45,12.246
1119.3,35.567,12.635,409.29,12.249
1120,35.564,12.632,409.21,12.252
1120.9,35.562,12.626,409.09,12.255
1121.9,35.563,12.624,408.97,12.258
1123.2,35.563,12.622,408.81,12.261
1123.9,35.562,12.622,408.73,12.264
1125.2,35.563,12.62,408.57,12.267
1125.9,35.56,12.621,408.49,12.272
1126.9,35.562,12.619,408.37,12.273
1127.9,35.56,12.62,408.25,12.278
1128.8,35.561,12.619,408.13,12.279
1129.8,35.561,12.619,408.01,12.283
1131.1,35.562,12.619,407.85,12.285
1132.1,35.561,12.618,407.73,12.287
1133.1,35.561,12.618,407.61,12.29
1134.1,35.561,12.618,407.49,12.292
1134.8,35.561,12.618,407.41,12.295
1136.1,35.561,12.618,407.25,12.297
1137.1,35.561,12.618,407.13,12.3
1138.1,35.561,12.618,407.01,12.302
1138.7,35.561,12.618,406.93,12.305
1140.4,35.561,12.617,406.73,12.308
1142,35.56,12.617,406.53,12.312
1143,35.561,12.617,406.41,12.314
1144.3,35.56,12.617,406.25,12.316
1145.3,35.56,12.617,406.13,12.321
1146.3,35.56,12.616,406.01,12.322
1147.3,35.559,12.617,405.89,12.325
1147.9,35.561,12.616,405.81,12.326
1148.9,35.561,12.617,405.69,12.33
1149.9,35.561,12.617,405.57,12.331
1151.2,35.561,12.617,405.41,12.333
1152.2,35.561,12.617,405.29,12.335
1153.2,35.561,12.617,405.17,12.337
1153.9,35.561,12.617,405.09,12.339
1155.2,35.562,12.617,404.93,12.341
1156.2,35.561,12.617,404.81,12.343
1157.2,35.561,12.617,404.69,12.345
1157.8,35.56,12.617,404.61,12.346
1159.1,35.561,12.616,404.45,12.349
1159.8,35.561,12.617,404.37,12.35
1161.4,35.561,12.616,404.17,12.353
1161.8,35.562,12.617,404.13,12.354
1163.4,35.563,12.617,403.93,12.357
1164.4,35.561,12.62,403.81,12.36
1165.1,35.564,12.622,403.73,12.361
1166.1,35.562,12.625,403.61,12.364
1167,35.563,12.625,403.49,12.365
1168.4,35.563,12.628,403.33,12.368
1169.3,35.563,12.628,403.21,12.369
1170,35.562,12.628,403.13,12.37
1171,35.563,12.629,403.01,12.372
1172,35.564,12.629,402.89,12.374
1173.3,35.565,12.63,402.73,12.376
1174.3,35.565,12.631,402.61,12.377
1174.9,35.566,12.634,402.53,12.379
1175.9,35.572,12.645,402.41,12.381
1176.9,35.574,12.658,402.29,12.383
1178.2,35.576,12.686,402.13,12.384
1178.9,35.576,12.705,402.05,12.386
1180.2,35.586,12.748,401.89,12.388
1180.9,35.579,12.769,401.81,12.39
1182.2,35.578,12.791,401.65,12.391
1183.2,35.577,12.798,401.53,12.395
1184.2,35.58,12.801,401.41,12.396
1185.5,35.582,12.807,401.25,12.4
1186.1,35.582,12.809,401.17,12.4
1187.5,35.588,12.816,401.01,12.404
1188.1,35.592,12.829,400.93,12.405
1189.4,35.595,12.848,400.77,12.407
1190.1,35.593,12.863,400.69,12.409
1191.1,35.593,12.873,400.57,12.412
1192.1,35.593,12.877,400.45,12.414
1193.1,35.593,12.88,400.33,12.416
1194,35.599,12.886,400.21,12.419
1195,35.598,12.904,400.09,12.422
1195.7,35.604,12.91,400.01,12.424
1197.3,35.606,12.931,399.81,12.427
1198,35.611,12.95,399.73,12.43
1199.3,35.611,12.968,399.57,12.433
1199.9,35.613,12.982,399.49,12.436
1201.2,35.613,12.999,399.33,12.439
1201.9,35.611,13.006,399.25,12.442
1203.2,35.614,13.008,399.09,12.446
1204.2,35.612,13.009,398.97,12.451
1205.1,35.613,13.01,398.85,12.454
1206.4,35.613,13.011,398.69,12.459
1207.1,35.616,13.01,398.61,12.461
1208,35.616,13.012,398.49,12.466
1209,35.616,13.011,398.37,12.469
1210.3,35.618,13.013,398.21,12.472
1211,35.617,13.014,398.13,12.476
1211.9,35.618,13.014,398.01,12.479
1213.2,35.619,13.014,397.85,12.483
1213.9,35.619,13.014,397.77,12.487
1214.9,35.618,13.013,397.65,12.49
1215.8,35.619,13.013,397.53,12.494
1216.8,35.619,13.013,397.41,12.498
1218.4,35.619,13.013,397.21,12.504
1220,35.619,13.013,397.01,12.51
1220.7,35.62,13.013,396.93,12.513
1222,35.62,13.013,396.77,12.518
1223,35.619,13.014,396.65,12.523
1223.9,35.621,13.013,396.53,12.526
1224.9,35.619,13.014,396.41,12.531
1225.9,35.62,13.013,396.29,12.534
1227.2,35.62,13.013,396.13,12.539
1227.8,35.622,13.013,396.05,12.542
1228.8,35.62,13.013,395.93,12.545
1230.1,35.62,13.013,395.77,12.549
1231.1,35.62,13.012,395.65,12.552
1232,35.621,13.012,395.53,12.556
1233.3,35.621,13.012,395.37,12.559
1234,35.621,13.013,395.29,12.563
1234.9,35.62,13.013,395.17,12.566
1235.9,35.621,13.013,395.05,12.569
1236.9,35.621,13.012,394.93,12.573
1237.9,35.621,13.013,394.81,12.576
1239.2,35.621,13.013,394.65,12.58
1239.8,35.621,13.013,394.57,12.583
1241.1,35.622,13.013,394.41,12.587
1242.1,35.622,13.014,394.29,12.592
1243.4,35.621,13.013,394.13,12.594
1244.3,35.621,13.014,394.01,12.599
1245.3,35.621,13.014,393.89,12.601
1246.3,35.621,13.014,393.77,12.606
1247.3,35.622,13.013,393.65,12.608
1248.2,35.621,13.014,393.53,12.611
1249.2,35.621,13.013,393.41,12.614
1250.2,35.621,13.012,393.29,12.617
1250.8,35.621,13.011,393.21,12.62
1252.1,35.622,13.011,393.05,12.623
1253.1,35.621,13.011,392.93,12.626
1254.1,35.621,13.012,392.81,12.629
1255,35.62,13.012,392.69,12.632
1256.3,35.622,13.011,392.53,12.635
1257,35.621,13.011,392.45,12.638
1258.3,35.621,13.011,392.29,12.641
1258.9,35.622,13.012,392.21,12.643
1260.2,35.621,13.011,392.05,12.646
1261.2,35.622,13.012,391.93,12.651
1262.5,35.624,13.013,391.77,12.653
1263.5,35.622,13.014,391.65,12.657
1264.4,35.621,13.013,391.53,12.659
1265.4,35.622,13.013,391.41,12.663
1266.4,35.622,13.013,391.29,12.664
1267.4,35.622,13.013,391.17,12.667
1268.7,35.623,13.013,391.01,12.669
1269.6,35.622,13.012,390.89,12.672
1270.3,35.621,13.012,390.81,12.674
1271.9,35.622,13.011,390.61,12.678
1273.2,35.623,13.013,390.45,12.682
1274.2,35.621,13.014,390.33,12.684
1275.8,35.623,13.014,390.13,12.688
1277.4,35.623,13.014,389.93,12.691
1278.1,35.622,13.014,389.85,12.694
1279.4,35.622,13.013,389.69,12.696
1280.6,35.622,13.015,389.53,12.701
1281.6,35.622,13.014,389.41,12.702
1282.5,35.623,13.015,389.29,12.706
1283.5,35.622,13.013,389.17,12.707
1284.5,35.621,13.013,389.05,12.71
1285.4,35.622,13.013,388.93,12.712
1286.4,35.622,13.013,388.81,12.713
1287.3,35.622,13.013,388.69,12.716
1288.3,35.622,13.012,388.57,12.718
1289.2,35.621,13.011,388.45,12.72
1290.2,35.624,13.012,388.33,12.722
1291.2,35.633,13.012,388.21,12.724
1292.4,35.669,13.132,388.05,12.726
1293.1,35.646,13.168,387.97,12.728
1294.3,35.644,13.179,387.81,12.73
1295,35.642,13.185,387.73,12.732
1296.3,35.65,13.191,387.57,12.735
1297.2,35.651,13.196,387.45,12.737
1298.2,35.654,13.201,387.33,12.739
1299.4,35.651,13.204,387.17,12.744
1300.4,35.652,13.208,387.05,12.745
1301.4,35.652,13.207,386.93,12.749
1302.3,35.656,13.206,386.81,12.751
1303.3,35.656,13.207,386.69,12.755
1304.5,35.658,13.21,386.53,12.757
1305.2,35.657,13.212,386.45,12.759
1306.1,35.656,13.208,386.33,12.762
1307.4,35.659,13.211,386.17,12.765
1308.4,35.676,13.237,386.05,12.767
1309.3,35.721,13.37,385.93,12.771
1310,35.693,13.428,385.85,12.773
1311.2,35.687,13.442,385.69,12.776
1311.9,35.687,13.444,385.61,12.779
1313.5,35.692,13.445,385.41,12.783
1313.8,35.692,13.446,385.37,12.786
1315.7,35.695,13.447,385.13,12.791
1317.6,35.697,13.447,384.89,12.798
1318.2,35.696,13.447,384.81,12.803
1319.2,35.699,13.446,384.69,12.806
1320.2,35.701,13.447,384.57,12.812
1321.1,35.7,13.447,384.45,12.815
1322.1,35.7,13.447,384.33,12.82
1323.3,35.701,13.447,384.17,12.824
1324.3,35.701,13.447,384.05,12.828
1325.3,35.703,13.447,383.93,12.832
1326.2,35.702,13.447,383.81,12.836
1327.2,35.701,13.447,383.69,12.84
1328.4,35.702,13.446,383.53,12.845
1329.1,35.703,13.447,383.45,12.849
1330,35.702,13.447,383.33,12.854
1331,35.702,13.448,383.21,12.858
1332.6,35.703,13.447,383.01,12.865
1334.2,35.702,13.447,382.81,12.872
1334.5,35.703,13.448,382.77,12.875
1336.1,35.703,13.448,382.57,12.881
1337.1,35.703,13.448,382.45,12.887
1338.3,35.702,13.446,382.29,12.89
1339.3,35.702,13.446,382.17,12.896
1340.2,35.703,13.447,382.05,12.9
1341.2,35.703,13.447,381.93,12.905
1342.2,35.703,13.446,381.81,12.908
1343.1,35.703,13.445,381.69,12.912
1344.1,35.703,13.444,381.57,12.916
1345,35.703,13.444,381.45,12.921
1346.3,35.703,13.444,381.29,12.925
1347.6,35.704,13.443,381.13,12.931
1349.2,35.705,13.447,380.93,12.937
1349.8,35.704,13.448,380.85,12.94
1351.1,35.702,13.445,380.69,12.945
1352,35.703,13.444,380.57,12.948
1353.3,35.703,13.443,380.41,12.953
1353.6,35.704,13.444,380.37,12.956
1355.2,35.706,13.443,380.17,12.961
1356.2,35.704,13.445,380.05,12.966
1357.1,35.704,13.444,379.93,12.969
1358.1,35.707,13.446,379.81,12.974
1359.4,35.709,13.452,379.65,12.977
1360.3,35.703,13.453,379.53,12.982
1361.3,35.723,13.475,379.41,12.984
1362.2,35.718,13.513,379.29,12.989
1363.4,35.717,13.535,379.13,12.992
1364.4,35.718,13.548,379.01,12.995
1365.3,35.718,13.549,378.89,12.999
1366.3,35.719,13.552,378.77,13.002
1367.2,35.722,13.552,378.65,13.005
1368.5,35.723,13.557,378.49,13.009
1369.1,35.719,13.559,378.41,13.013
1370.7,35.726,13.56,378.21,13.018
1372.2,35.727,13.567,378.01,13.024
1372.8,35.726,13.567,377.93,13.028
1374.4,35.729,13.568,377.73,13.032
1375,35.727,13.568,377.65,13.035
1376.3,35.726,13.568,377.49,13.039
1377.2,35.727,13.569,377.37,13.044
1378.2,35.725,13.57,377.25,13.048
1379.1,35.73,13.574,377.13,13.053
1380,35.743,13.593,377.01,13.056
1381,35.741,13.612,376.89,13.061
1382.2,35.746,13.636,376.73,13.063
1383.5,35.746,13.653,376.57,13.067
1384.1,35.754,13.678,376.49,13.071
1385.4,35.759,13.711,376.33,13.074
1386.3,35.758,13.733,376.21,13.078
1387.3,35.755,13.749,376.09,13.082
1388.2,35.754,13.754,375.97,13.085
1389.1,35.761,13.763,375.85,13.09
1390.1,35.762,13.77,375.73,13.093
1391.3,35.765,13.782,375.57,13.098
1392,35.761,13.781,375.49,13.102
1393.2,35.767,13.784,375.33,13.107
1394.1,35.768,13.788,375.21,13.11
1395.4,35.767,13.791,375.05,13.115
1396.3,35.767,13.793,374.93,13.122
1397.3,35.77,13.793,374.81,13.125
1398.2,35.767,13.794,374.69,13.131
1399.2,35.77,13.793,374.57,13.135
1400.4,35.769,13.793,374.41,13.141
1401.3,35.769,13.793,374.29,13.144
1402.3,35.771,13.794,374.17,13.149
1403.2,35.771,13.794,374.05,13.153
1404.2,35.773,13.794,373.93,13.158
1405.4,35.771,13.796,373.77,13.162
1406.4,35.772,13.795,373.65,13.167
1407,35.772,13.795,373.57,13.171
1408.2,35.772,13.795,373.41,13.176
1409.2,35.773,13.796,373.29,13.18
1410.4,35.773,13.796,373.13,13.186
1411.4,35.772,13.796,373.01,13.19
1412.3,35.772,13.796,372.89,13.195
1413.3,35.772,13.796,372.77,13.199
1414.5,35.773,13.795,372.61,13.204
1415.1,35.772,13.796,372.53,13.21
1416.7,35.775,13.797,372.33,13.214
1417.3,35.774,13.799,372.25,13.22
1418.6,35.774,13.799,372.09,13.224
1419.5,35.774,13.8,371.97,13.229
1420.5,35.774,13.799,371.85,13.233
1421.4,35.774,13.799,371.73,13.237
1422.3,35.773,13.798,371.61,13.241
1423.3,35.774,13.799,371.49,13.245
1424.5,35.774,13.799,371.33,13.249
1425.5,35.775,13.799,371.21,13.254
1426.1,35.775,13.799,371.13,13.258
1427.3,35.775,13.799,370.97,13.262
1428.3,35.775,13.799,370.85,13.266
1429.5,35.775,13.798,370.69,13.271
1430.2,35.776,13.799,370.61,13.274
1431.4,35.775,13.798,370.45,13.279
1432.4,35.776,13.799,370.33,13.282
1433.6,35.776,13.798,370.17,13.287
1434.6,35.776,13.799,370.05,13.292
1435.8,35.775,13.799,369.89,13.296
1436.7,35.775,13.799,369.77,13.301
1437.7,35.775,13.799,369.65,13.304
1438.6,35.775,13.799,369.53,13.309
1439.5,35.776,13.798,369.41,13.312
1440.5,35.775,13.799,369.29,13.316
1441.7,35.776,13.798,369.13,13.319
1442.6,35.775,13.798,369.01,13.323
1443.6,35.776,13.798,368.89,13.326
1444.5,35.776,13.798,368.77,13.33
1445.4,35.776,13.798,368.65,13.333
1446.7,35.776,13.798,368.49,13.337
1447.3,35.776,13.798,368.41,13.34
1448.8,35.776,13.798,368.21,13.345
1450.4,35.777,13.798,368.01,13.351
1451.3,35.776,13.798,367.89,13.353
1452.5,35.777,13.798,367.73,13.357
1453.2,35.775,13.798,367.65,13.36
1454.4,35.776,13.798,367.49,13.364
1455.3,35.775,13.799,367.37,13.369
1456.6,35.777,13.8,367.21,13.372
1457.5,35.776,13.799,367.09,13.376
1458.4,35.776,13.798,366.97,13.378
1459.7,35.776,13.798,366.81,13.383
1460.6,35.777,13.798,366.69,13.385
1461.8,35.776,13.798,366.53,13.388
1462.5,35.778,13.798,366.45,13.391
1463.7,35.777,13.798,366.29,13.394
1464.6,35.777,13.798,366.17,13.397
1465.5,35.788,13.811,366.05,13.4
1466.5,35.793,13.829,365.93,13.402
1468,35.804,13.875,365.73,13.405
1468.6,35.8,13.903,365.65,13.408
1469.9,35.794,13.923,365.49,13.411
1470.5,35.806,13.933,365.41,13.414
1472,35.803,13.967,365.21,13.419
1473.9,35.799,13.976,364.97,13.423
1474.5,35.8,13.98,364.89,13.429
1475.8,35.805,13.978,364.73,13.431
1476.7,35.805,13.981,364.61,13.435
1477.6,35.804,13.981,364.49,13.438
1478.9,35.806,13.982,364.33,13.442
1479.8,35.807,13.982,364.21,13.445
1480.7,35.809,13.984,364.09,13.448
1481.6,35.809,13.986,363.97,13.451
1482.6,35.809,13.989,363.85,13.455
1483.5,35.809,13.989,363.73,13.458
1484.4,35.81,13.99,363.61,13.462
1485.4,35.81,13.99,363.49,13.465
1486.6,35.811,13.992,363.33,13.469
1487.5,35.81,13.993,363.21,13.472
1488.5,35.811,13.994,363.09,13.476
1489.1,35.811,13.993,363.01,13.48
1490.3,35.812,13.994,362.85,13.484
1490.9,35.812,13.995,362.77,13.487
1492.5,35.815,13.999,362.57,13.491
1493.4,35.816,14.008,362.45,13.497
1494.6,35.817,14.019,362.29,13.499
1495.6,35.816,14.024,362.17,13.504
1496.5,35.817,14.028,362.05,13.507
1497.4,35.819,14.041,361.93,13.512
1498.4,35.82,14.052,361.81,13.515
1499.3,35.822,14.059,361.69,13.518
1500.2,35.833,14.081,361.57,13.521
1501.1,35.83,14.106,361.45,13.525
1502.4,35.834,14.127,361.29,13.528
1503.6,35.834,14.154,361.13,13.534
1505.2,35.838,14.179,360.93,13.54
1506.1,35.836,14.185,360.81,13.543
1507.3,35.838,14.186,360.65,13.547
1508,35.839,14.188,360.57,13.551
1509.2,35.841,14.191,360.41,13.555
1509.8,35.841,14.191,360.33,13.559
1511.4,35.842,14.19,360.13,13.564
1512.3,35.843,14.191,360.01,13.569
1513.5,35.844,14.19,359.85,13.573
1514.5,35.844,14.19,359.73,13.578
1515.4,35.843,14.19,359.61,13.582
1516.3,35.845,14.191,359.49,13.588
1517.2,35.85,14.198,359.37,13.591
1518.1,35.851,14.212,359.25,13.597
1519.4,35.852,14.218,359.09,13.6
1520.3,35.853,14.229,358.97,13.604
1521.5,35.856,14.24,358.81,13.608
1522.1,35.853,14.251,358.73,13.612
1523,35.856,14.261,358.61,13.616
1524,35.856,14.272,358.49,13.621
1525.2,35.856,14.275,358.33,13.625
1526.1,35.856,14.277,358.21,13.63
1527,35.857,14.278,358.09,13.634
1528.6,35.858,14.278,357.89,13.641
1530.1,35.859,14.278,357.69,13.648
1530.7,35.859,14.279,357.61,13.651
1532.2,35.861,14.278,357.41,13.657
1533.2,35.859,14.28,357.29,13.663
1534.4,35.86,14.279,357.13,13.667
1535.3,35.861,14.28,357.01,13.673
1536.2,35.86,14.279,356.89,13.677
1537.1,35.861,14.28,356.77,13.682
1538.4,35.862,14.28,356.61,13.685
1539.3,35.862,14.28,356.49,13.69
1540.2,35.861,14.28,356.37,13.694
1541.4,35.862,14.28,356.21,13.698
1542,35.861,14.28,356.13,13.703
1543.3,35.862,14.28,355.97,13.707
1543.9,35.862,14.28,355.89,13.711
1545.4,35.861,14.279,355.69,13.716
1546,35.862,14.279,355.61,13.72
1547.6,35.863,14.28,355.41,13.726
1549.1,35.862,14.281,355.21,13.733
1550,35.863,14.281,355.09,13.736
1551.2,35.862,14.281,354.93,13.742
1552.2,35.861,14.282,354.81,13.748
1553.1,35.863,14.282,354.69,13.751
1554.3,35.864,14.282,354.53,13.756
1555.2,35.865,14.284,354.41,13.759
1556.5,35.865,14.291,354.25,13.765
1557.1,35.868,14.296,354.17,13.768
1558.6,35.87,14.302,353.97,13.771
1559.5,35.868,14.307,353.85,13.775
1560.4,35.869,14.312,353.73,13.779
1561.4,35.869,14.314,353.61,13.783
1562.3,35.869,14.318,353.49,13.787
1563.2,35.874,14.324,353.37,13.79
1564.4,35.876,14.336,353.21,13.794
1565.3,35.877,14.347,353.09,13.798
1566.6,35.874,14.358,352.93,13.802
1567.2,35.877,14.363,352.85,13.805
1569,35.877,14.369,352.61,13.811
1570.5,35.876,14.382,352.41,13.817
1571.5,35.882,14.384,352.29,13.823
1572.7,35.882,14.385,352.13,13.826
1573.6,35.88,14.39,352.01,13.831
1574.8,35.881,14.39,351.85,13.834
1575.8,35.881,14.39,351.73,13.839
1576.7,35.884,14.389,351.61,13.842
1577.9,35.882,14.392,351.45,13.846
1578.8,35.883,14.393,351.33,13.849
1579.7,35.883,14.394,351.21,13.853
1581,35.881,14.395,351.05,13.857
1581.9,35.887,14.395,350.93,13.861
1582.5,35.883,14.397,350.85,13.865
1583.7,35.885,14.4,350.69,13.869
1584.3,35.886,14.401,350.61,13.872
1585.6,35.885,14.403,350.45,13.876
1586.8,35.886,14.403,350.29,13.88
1587.7,35.887,14.405,350.17,13.884
1588.6,35.886,14.408,350.05,13.887
1589.9,35.887,14.409,349.89,13.892
1590.8,35.886,14.411,349.77,13.897
1591.7,35.886,14.41,349.65,13.9
1592.6,35.89,14.412,349.53,13.905
1593.8,35.889,14.415,349.37,13.908
1594.7,35.89,14.42,349.25,13.913
1595.7,35.891,14.427,349.13,13.916
1596.6,35.892,14.432,349.01,13.921
1597.8,35.894,14.443,348.85,13.923
1598.7,35.896,14.453,348.73,13.927
1599.9,35.902,14.465,348.57,13.93
1600.9,35.901,14.481,348.45,13.934
1601.5,35.901,14.494,348.37,13.937
1602.7,35.901,14.5,348.21,13.941
1603.6,35.905,14.506,348.09,13.944
1604.8,35.903,14.514,347.93,13.948
1605.4,35.904,14.514,347.85,13.951
1607.3,35.904,14.517,347.61,13.957
1608.8,35.908,14.52,347.41,13.963
1609.4,35.907,14.522,347.33,13.966
1610.6,35.908,14.524,347.17,13.971
1611.8,35.908,14.527,347.01,13.976
1612.8,35.909,14.532,346.89,13.979
1613.7,35.911,14.534,346.77,13.985
1614.9,35.913,14.539,346.61,13.988
1615.8,35.911,14.544,346.49,13.993
1616.4,35.913,14.546,346.41,13.996
1617.6,35.913,14.549,346.25,13.999
1618.6,35.914,14.55,346.13,14.003
1619.8,35.917,14.554,345.97,14.006
1620.7,35.915,14.559,345.85,14.01
1621.9,35.918,14.56,345.69,14.014
1622.5,35.92,14.564,345.61,14.018
1624,35.917,14.572,345.41,14.024
1625.6,35.919,14.573,345.21,14.03
1626.2,35.918,14.574,345.13,14.033
1627.7,35.92,14.577,344.93,14.039
1629.5,35.92,14.582,344.69,14.046
1630.5,35.929,14.591,344.57,14.051
1631.4,35.932,14.61,344.45,14.054
1632.3,35.927,14.626,344.33,14.059
1633.5,35.928,14.631,344.17,14.062
1634.7,35.928,14.633,344.01,14.066
1635.3,35.928,14.636,343.93,14.07
1636.3,35.933,14.647,343.81,14.073
1637.2,35.943,14.665,343.69,14.077
1638.4,35.941,14.69,343.53,14.081
1639,35.939,14.697,343.45,14.085
1640.8,35.94,14.7,343.21,14.091
1642.4,35.944,14.706,343.01,14.097
1643.3,35.943,14.707,342.89,14.1
1644.5,35.941,14.705,342.73,14.105
1645.1,35.942,14.704,342.65,14.108
1646.3,35.947,14.71,342.49,14.113
1647.2,35.946,14.714,342.37,14.119
1648.5,35.955,14.724,342.21,14.122
1649.4,35.959,14.75,342.09,14.128
1650.3,35.96,14.774,341.97,14.131
1651.5,35.957,14.789,341.81,14.137
1652.4,35.957,14.795,341.69,14.14
1653.3,35.958,14.795,341.57,14.144
1654.3,35.957,14.796,341.45,14.148
1655.5,35.96,14.796,341.29,14.152
1656.4,35.958,14.796,341.17,14.156
1657.3,35.961,14.797,341.05,14.161
1658.2,35.969,14.805,340.93,14.165
1659.5,35.97,14.83,340.77,14.17
1660.4,35.969,14.841,340.65,14.174
1661.6,35.97,14.848,340.49,14.179
1662.2,35.97,14.853,340.41,14.182
1663.7,35.976,14.863,340.21,14.188
1664,35.974,14.868,340.17,14.191
1665.6,35.974,14.869,339.97,14.197
1666.5,35.973,14.871,339.85,14.203
1671.1,35.975,14.87,339.25,14.224
1678.7,35.977,14.869,338.25,14.258
1686,35.978,14.87,337.29,14.293
1694,35.978,14.872,336.25,14.328
1701.6,35.979,14.874,335.25,14.359
1708.9,35.981,14.877,334.29,14.389
1716.6,35.986,14.909,333.29,14.415
1723.9,35.992,14.941,332.33,14.443
1731.9,35.997,14.975,331.29,14.47
1739.8,36.002,15.008,330.25,14.499
1747.8,36.008,15.036,329.21,14.526
1755.2,36.011,15.062,328.25,14.554
1763,36.016,15.079,327.25,14.581
1770.7,36.02,15.09,326.25,14.609
1778.4,36.024,15.113,325.25,14.636
1785.9,36.027,15.13,324.29,14.661
1793.9,36.031,15.158,323.25,14.689
1801.3,36.034,15.171,322.29,14.713
1809.1,36.039,15.198,321.29,14.738
1817.1,36.042,15.214,320.25,14.765
1825.2,36.047,15.238,319.21,14.791
1832.7,36.05,15.259,318.25,14.815
1840.5,36.054,15.279,317.25,14.838
1848,36.059,15.31,316.29,14.863
1855.9,36.07,15.385,315.29,14.887
1864,36.075,15.427,314.25,14.915
1871.5,36.082,15.461,313.29,14.942
1879.7,36.09,15.504,312.25,14.972
1887.5,36.097,15.545,311.25,15.001
1895.3,36.101,15.57,310.25,15.033
1902.9,36.109,15.607,309.29,15.061
1910.8,36.115,15.649,308.29,15.093
1919.4,36.12,15.665,307.21,15.127
1926.8,36.124,15.69,306.29,15.156
1934.7,36.129,15.712,305.29,15.188
1942.7,36.133,15.741,304.29,15.218
1950.4,36.139,15.781,303.33,15.247
1958.6,36.144,15.804,302.29,15.277
1966.6,36.153,15.855,301.29,15.309
1974.6,36.157,15.877,300.29,15.338
1982.8,36.16,15.887,299.25,15.371
1990.7,36.161,15.888,298.25,15.4
1998.6,36.163,15.895,297.25,15.429
2006.5,36.168,15.925,296.25,15.457
2014.1,36.173,15.958,295.29,15.482
2022,36.179,15.991,294.29,15.51
2029.9,36.184,16.033,293.29,15.536
2037.5,36.189,16.055,292.33,15.563
2045.4,36.193,16.067,291.33,15.59
2053.6,36.197,16.093,290.29,15.619
2061.5,36.202,16.125,289.29,15.645
2069.5,36.205,16.139,288.29,15.673
2077.5,36.207,16.146,287.29,15.7
2085.8,36.21,16.162,286.25,15.726
2093.7,36.217,16.192,285.25,15.751
2101.7,36.223,16.234,284.25,15.776
2109.7,36.232,16.274,283.25,15.803
2117.6,36.235,16.303,282.25,15.828
2125.9,36.238,16.307,281.21,15.856
2133.6,36.241,16.323,280.25,15.882
2141.9,36.245,16.347,279.21,15.908
2149.5,36.248,16.364,278.25,15.931
2156.8,36.251,16.381,277.33,15.955
2165.4,36.254,16.399,276.25,15.981
2173.1,36.258,16.421,275.29,16.005
2180.7,36.261,16.442,274.33,16.028
2188.7,36.265,16.463,273.33,16.051
2197.3,36.269,16.48,272.25,16.077
2205.3,36.275,16.512,271.25,16.099
2213.2,36.277,16.55,270.25,16.124
2221.6,36.277,16.569,269.21,16.148
2229.9,36.279,16.576,268.21,16.173
2237.8,36.287,16.609,267.25,16.196
2246.3,36.281,16.606,266.21,16.22
2254.2,36.273,16.59,265.25,16.242
2262.5,36.276,16.607,264.25,16.264
2270.4,36.285,16.669,263.29,16.284
2278.6,36.288,16.726,262.29,16.305
2286.8,36.292,16.745,261.29,16.328
2295.4,36.296,16.779,260.25,16.354
2303.7,36.3,16.792,259.25,16.379
2312.5,36.306,16.834,258.21,16.405
2320.6,36.31,16.861,257.25,16.429
2328.7,36.314,16.888,256.29,16.454
2337.1,36.319,16.906,255.29,16.481
2345.2,36.324,16.943,254.33,16.507
2353.6,36.329,16.97,253.33,16.534
2362.7,36.333,16.989,252.25,16.562
2371.2,36.338,17.014,251.25,16.589
2379.3,36.341,17.04,250.29,16.614
2388.1,36.346,17.067,249.25,16.64
2396.3,36.352,17.106,248.29,16.666
2404.8,36.365,17.184,247.29,16.693
2413.7,36.373,17.241,246.25,16.723
2422.5,36.381,17.289,245.21,16.755
2430.7,36.389,17.342,244.25,16.788
2438.9,36.399,17.415,243.29,16.821
2447.5,36.408,17.457,242.29,16.857
2456,36.417,17.496,241.29,16.894
2464.9,36.423,17.537,240.25,16.934
2473.5,36.427,17.559,239.25,16.971
2481.9,36.432,17.585,238.29,17.009
2491.1,36.437,17.612,237.25,17.048
2499.9,36.443,17.633,236.25,17.083
2508.4,36.449,17.668,235.29,17.118
2517.5,36.451,17.683,234.25,17.154
2526.7,36.457,17.7,233.21,17.189
2535.1,36.463,17.736,232.25,17.222
2544,36.47,17.788,231.25,17.253
2552.4,36.478,17.836,230.29,17.286
2560.8,36.486,17.885,229.33,17.318
2569.6,36.495,17.928,228.29,17.355
2578.2,36.502,17.977,227.29,17.391
2587,36.507,17.997,226.25,17.43
2595.9,36.515,18.046,225.21,17.466
2604.1,36.519,18.083,224.25,17.503
2612.3,36.523,18.097,223.29,17.538
2620.8,36.529,18.121,222.29,17.573
2629,36.537,18.177,221.33,17.606
2638.2,36.548,18.259,220.25,17.64
2646.9,36.56,18.34,219.21,17.679
2654.6,36.57,18.406,218.25,17.714
2662.6,36.581,18.471,217.25,17.754
2670.3,36.592,18.554,216.29,17.794
2678.4,36.601,18.602,215.29,17.838
2686.4,36.609,18.661,214.29,17.882
2694.1,36.617,18.704,213.33,17.928
2702.1,36.623,18.758,212.33,17.975
2710.5,36.628,18.789,211.29,18.021
2718.5,36.636,18.855,210.29,18.067
2726.3,36.644,18.897,209.29,18.112
2733.9,36.655,18.961,208.29,18.158
2741.5,36.663,19.006,207.29,18.2
2749.4,36.67,19.06,206.25,18.248
2757.7,36.676,19.093,205.17,18.295
2765.3,36.68,19.114,204.17,18.34
2772.2,36.683,19.138,203.25,18.381
2779.8,36.689,19.177,202.25,18.423
2787.4,36.693,19.206,201.25,18.466
2795,36.697,19.232,200.25,18.506
2802.3,36.701,19.281,199.29,18.547
2809.9,36.706,19.304,198.29,18.587
2817.8,36.709,19.34,197.25,18.629
2825.8,36.714,19.381,196.21,18.672
2833.4,36.716,19.414,195.21,18.71
2840.6,36.72,19.436,194.25,18.747
2847.6,36.725,19.465,193.33,18.781
2855.5,36.732,19.542,192.29,18.82
2863.4,36.74,19.592,191.25,18.86
2871,36.743,19.633,190.25,18.9
2878.5,36.748,19.682,189.25,18.939
2885.9,36.752,19.723,188.25,18.979
2893,36.757,19.747,187.29,19.018
2900.4,36.764,19.814,186.29,19.057
2908.1,36.77,19.854,185.25,19.102
2915.5,36.779,19.882,184.25,19.142
2922.8,36.796,19.99,183.25,19.182
2929.9,36.81,20.096,182.29,19.223
2937.6,36.826,20.18,181.25,19.269
2945,36.837,20.231,180.25,19.317
2952.4,36.854,20.303,179.25,19.366
2960,36.882,20.453,178.25,19.419
2967.9,36.906,20.591,177.21,19.476
2975.5,36.918,20.659,176.21,19.536
2982.8,36.925,20.67,175.25,19.597
2990.4,36.937,20.708,174.25,19.658
2997.7,36.957,20.842,173.29,19.715
3005.3,36.965,20.901,172.29,19.775
3013.2,36.977,20.944,171.25,19.844
3020.5,36.989,21.021,170.29,19.904
3028.1,36.998,21.086,169.29,19.968
3036.1,37.004,21.121,168.25,20.033
3043.5,37.009,21.143,167.29,20.095
3051.2,37.013,21.168,166.29,20.155
3059.1,37.019,21.216,165.25,20.217
3066.5,37.024,21.26,164.29,20.274
3074.2,37.036,21.342,163.29,20.328
3082.1,37.042,21.402,162.25,20.388
3089.8,37.047,21.441,161.25,20.445
3097.8,37.051,21.469,160.21,20.506
3105.5,37.058,21.522,159.21,20.562
3113.1,37.06,21.568,158.25,20.616
3120.8,37.062,21.582,157.29,20.668
3128.7,37.063,21.588,156.29,20.723
3136.9,37.064,21.592,155.25,20.775
3144.9,37.066,21.603,154.25,20.824
3152.8,37.072,21.658,153.25,20.871
3160.7,37.071,21.688,152.25,20.915
3169,37.043,21.682,151.21,20.961
3176.2,37.002,21.659,150.29,21
3183.9,36.997,21.655,149.33,21.038
3192.4,37.029,21.794,148.29,21.077
3200.9,37.056,21.93,147.25,21.118
3209.1,37.078,22.071,146.25,21.16
3216.9,37.073,22.093,145.29,21.209
3225.1,37.051,22.052,144.29,21.26
3232.9,37.045,22.112,143.33,21.309
3241.4,37.058,22.248,142.29,21.36
3249.9,37.062,22.28,141.25,21.412
3257.8,37.04,22.31,140.29,21.464
3266.1,37.016,22.307,139.29,21.516
3274.8,37.019,22.356,138.29,21.569
3283.4,37.041,22.501,137.29,21.617
3292.4,37.074,22.696,136.25,21.673
3301,37.06,22.729,135.25,21.73
3309.6,37.035,22.787,134.25,21.794
3317.9,37.035,22.889,133.29,21.855
3326.6,37.034,22.949,132.29,21.92
3335.2,37.034,22.981,131.29,21.987
3344.2,37.048,23.061,130.25,22.055
3352.9,37.051,23.194,129.25,22.12
3361.8,37.045,23.252,128.25,22.19
3371.1,37.048,23.319,127.21,22.258
3379.6,37.059,23.416,126.25,22.326
3387.8,37.074,23.51,125.33,22.392
3397.1,37.077,23.581,124.29,22.465
3406,37.075,23.651,123.29,22.537
3415.2,37.075,23.703,122.25,22.611
3424.1,37.073,23.756,121.25,22.683
3433,37.065,23.85,120.25,22.755
3442.1,37.061,23.968,119.25,22.826
3451.4,37.065,24.028,118.25,22.9
3460.7,37.014,23.992,117.25,22.973
3470,36.959,23.965,116.25,23.044
3478.9,36.948,24.003,115.29,23.108
3488.2,36.944,24.079,114.29,23.17
3497.5,36.95,24.097,113.29,23.233
3506.8,36.969,24.251,112.29,23.292
3516.1,36.975,24.413,111.29,23.354
3525.8,36.98,24.545,110.25,23.424
3535.2,36.947,24.583,109.25,23.499
3544.7,36.95,24.703,108.25,23.571
3553.9,36.906,24.658,107.29,23.644
3563.8,36.879,24.665,106.25,23.718
3573.7,36.87,24.706,105.21,23.786
3582.9,36.852,24.761,104.25,23.847
3592.4,36.836,24.903,103.25,23.911
3601.6,36.814,24.961,102.29,23.974
3611.1,36.775,25.031,101.29,24.043
3620.7,36.711,25.075,100.29,24.114
3630.1,36.668,25.107,99.288,24.185
3639.5,36.659,25.116,98.288,24.252
3649.3,36.627,25.16,97.248,24.316
3658.7,36.609,25.202,96.248,24.374
3667.7,36.603,25.211,95.288,24.428
3677.5,36.589,25.289,94.248,24.483
3686.9,36.582,25.319,93.248,24.535
3696.3,36.579,25.339,92.248,24.589
3705.7,36.575,25.369,91.248,24.64
3715.1,36.544,25.441,90.248,24.688
3724.4,36.539,25.566,89.288,24.735
3734.7,36.516,25.633,88.248,24.791
3744.6,36.506,25.693,87.248,24.847
3754.5,36.477,25.835,86.248,24.905
3764.4,36.445,25.96,85.248,24.965
3774,36.438,26.008,84.288,25.029
3783.5,36.429,26.053,83.328,25.101
3793.8,36.378,26.154,82.288,25.173
3804.1,36.384,26.187,81.248,25.249
3814,36.34,26.323,80.248,25.327
3823.8,36.274,26.549,79.288,25.411
3834.6,36.284,26.711,78.248,25.508
3844.6,36.264,26.894,77.288,25.606
3855,36.317,26.946,76.288,25.711
3865.5,36.32,26.971,75.288,25.81
3875.5,36.336,27.01,74.328,25.901
3885.9,36.336,27.02,73.328,25.989
3896.3,36.331,27.036,72.328,26.067
3907.2,36.318,27.102,71.288,26.142
3917.6,36.309,27.204,70.288,26.209
3928,36.27,27.308,69.288,26.281
3938.4,36.232,27.317,68.288,26.361
3948.8,36.223,27.303,67.288,26.443
3959.2,36.189,27.32,66.288,26.515
3969.6,36.186,27.378,65.288,26.581
3980.4,36.178,27.432,64.248,26.643
3990.4,36.172,27.616,63.288,26.704
4000.8,36.181,27.752,62.288,26.774
4011.6,36.174,28.011,61.248,26.855
4021.6,36.142,28.148,60.288,26.934
4031.1,36.146,28.227,59.288,27.019
4039.8,36.109,28.234,58.288,27.105
4048.4,36.047,28.195,57.288,27.178
4056.7,36,28.276,56.328,27.247
4066,35.991,28.418,55.248,27.32
4074.6,35.966,28.447,54.248,27.394
4082.9,35.994,28.466,53.288,27.465
4091.6,35.996,28.48,52.288,27.531
4100.5,35.995,28.506,51.248,27.595
4109.2,35.989,28.54,50.248,27.648
4117.9,35.966,28.604,49.248,27.7
4126.6,35.912,28.711,48.248,27.751
4135,35.809,28.876,47.288,27.806
4144.2,35.594,29.138,46.248,27.869
4152.6,35.546,29.216,45.288,27.94
4161.3,35.532,29.261,44.288,28.022
4170.4,35.51,29.297,43.248,28.11
4178.9,35.48,29.302,42.288,28.194
4187.3,35.474,29.301,41.328,28.269
4196,35.472,29.304,40.328,28.344
4206,35.469,29.304,39.248,28.415
4215.7,35.441,29.3,38.288,28.477
4225.7,35.427,29.301,37.288,28.539
4235.7,35.418,29.301,36.288,28.596
4245.8,35.416,29.301,35.288,28.649
4255.4,35.416,29.301,34.328,28.701
4265.9,35.415,29.301,33.288,28.744
4276.3,35.402,29.301,32.248,28.783
4286.3,35.386,29.295,31.248,28.816
4296.4,35.387,29.296,30.248,28.849
4305.8,35.388,29.297,29.288,28.878
4315.2,35.392,29.299,28.288,28.906
4324.7,35.391,29.299,27.288,28.932
4333.8,35.392,29.298,26.328,28.955
4343.6,35.389,29.296,25.288,28.978
4353.1,35.385,29.292,24.288,28.999
4362.6,35.385,29.293,23.288,29.018
4372,35.388,29.294,22.288,29.036
4381.1,35.386,29.293,21.328,29.052
4390.6,35.386,29.292,20.328,29.066
4400.8,35.387,29.286,19.288,29.081
4411.2,35.386,29.287,18.288,29.097
4421.6,35.387,29.285,17.288,29.11
4432.4,35.387,29.284,16.248,29.123
4442.8,35.387,29.284,15.248,29.136
4453.2,35.387,29.284,14.248,29.146
4463.7,35.387,29.284,13.248,29.156
4473.7,35.387,29.284,12.288,29.163
4484.5,35.387,29.285,11.248,29.171
4495.3,35.388,29.285,10.208,29.179
NaN,35.388,29.284,9.208,29.186
NaN,35.388,29.283,8.288,29.193
NaN,35.388,29.284,7.288,29.199
NaN,35.388,29.286,6.248,29.206
NaN,35.387,29.284,5.288,29.211
NaN,35.388,29.281,4.288,29.215
NaN,35.388,29.279,3.288,29.22
NaN,35.388,29.278,2.288,29.223
NaN,35.388,29.279,1.248,29.226
NaN,21.921,29.169,0.168,29.229
